alpha(T);;V(T);
x;y;x;y
5;0;0;1
10;0.10;25;1.03125
75;-0.45;35;1.046875
125;0;45;1.06140
250;2;75;0.9364
350;3;125;-0.375
500;4;250;9.625
;;500;39.125
